text,category
does applebees in trenton do reservations,accept_reservations
does redrobin take reservations,accept_reservations
do they take reservations at state bird,accept_reservations
does gramercy tavern accept reservations,accept_reservations
does black rock take reservations,accept_reservations
i think my account is block but i am not sure why,account_blocked
i'm confused about the reason for my bank account being frozen,account_blocked
how come a hold was placed on my 401k account,account_blocked
why is there a hold on my edward jones account,account_blocked
can you find out why is my bank account frozen,account_blocked
set alarm for 5pm,alarm
would you set my alarm for 10:00 and another for 3:00,alarm
can you make an alarm for 7 am,alarm
set my alarm for 5pm,alarm
set an alarm for me for 10:00 and another one set for 4:00,alarm
please find out the current status of my credit card application,application_status
could you check and see if my credit card application has been processed and approved or not,application_status
do you know if my amex card app went through,application_status
please check the status of my mastercard application,application_status
can you update me on the status of my american express card application,application_status
"what is the apr on my amex card, please",apr
how good is card apr,apr
do i have a good apr on my credit card,apr
how much is my amex's apr,apr
how much is the apr these days on my nordstrom credit card,apr
do you identify as a human or computer,are_you_a_bot
do you consider yourself a bot,are_you_a_bot
do you think you are a bot,are_you_a_bot
are you real or are you an ai,are_you_a_bot
are you a bot or a real person,are_you_a_bot
is there enough money in my bank of hawaii for vacation,balance
check my visa account and see if i have enough money for dinner tonight,balance
i wanna know the balance of my bank of american account,balance
how much money do i have in my account,balance
what's my checking balance,balance
how much on bills to i have to pay,bill_balance
tell me how much my verizon and comcast bill come to together,bill_balance
how much is my comcast bill,bill_balance
can you tell me the total cost of my bills please,bill_balance
how much is my electric bill for this month,bill_balance
when's the gas bill due,bill_due
when do i owe the state payment for my car tags,bill_due
i would like to know when the bill is due,bill_due
what date do i have to pay my bill,bill_due
what is the latest date that i can pay my direct tv bill this month,bill_due
please get me a flight booked from miami to dallas on american airlines,book_flight
get me a flight for tuesday on spiritcom to las vegas from chicago,book_flight
help me find a roundtrip flight for may 7th through the 20th from pittsburgh to chicago,book_flight
i need to take a flight from florida to alabama on january 25th and i need to get back by the 30th,book_flight
use delta to book me a flight from dallas to pittsburgh,book_flight
help me find a good reviews hotel in la,book_hotel
hotel room for 5 in austin for 3/1 until 3/8,book_hotel
"please book a hotel in ny, close to brooklyn, on the 25th to 30th",book_hotel
"i'd like a placed booked in san diego from may 1st, 2020 to june 2nd, 2020",book_hotel
find me a hotel in kansas city with good reviews,book_hotel
what is the square root of 5,calculator
what is the area of a 20 x 20 room,calculator
what is the square root of 1 million,calculator
what is an 18 percent tip on 20 dollars,calculator
what is 606 divided by 5,calculator
what do i have on my calendar for february 8,calendar
is there an event titled anniversary dinner on my calendar,calendar
is my daughter's birthday on my calendar,calendar
"can you tell me what's on my calendar for march 05, 2019",calendar
what is showing on my calendar for the 17th of march,calendar
add jake's birthday party for friday at 5,calendar_update
delete the hair appointment i had scheduled on may 1st pleae,calendar_update
"i want the events on my calendar for march 20th, 2019 to be cleared",calendar_update
i need a clear calendar for april 15,calendar_update
please remove fishing from my calendar for soccer,calendar_update
what's the caloric content in a bowl of rice crispies with milk,calories
how many calories on average are in a hot dog,calories
how many calories are in vanilla ice cream,calories
what's the amount of calories in a cheesy omelette,calories
looks up the calories in cheetos,calories
can you switch off,cancel
can you please cancel,cancel
mute,cancel
abort running program,cancel
refrain from talking,cancel
something's come up so i need to cancel my reservation so now,cancel_reservation
cancel my reservation for 3 at carlos jr,cancel_reservation
"i made a reservation for chris at tony's, please cancel it",cancel_reservation
can i cancel my reservations,cancel_reservation
can you cancel my reservation for dinner tomorrow,cancel_reservation
i want to rent a car in boston for march 2 until march 4,car_rental
i want to rent a bmw suv for dallas from march 2 to 6th,car_rental
"can you see if i can rent a car from dallas on the dates of march 1, 2019 to march 3, 2019",car_rental
"id like a car rental between january 1st to the 3rd in denver, id like a ford",car_rental
make sure i can rent one car out of chicago from january 2 to january 5,car_rental
i was trying to buy qtips at walmart and my card got declined,card_declined
can you tell me why my card was declined yesterday,card_declined
i was at walmart when my card was declined i was only trying to buy some candy,card_declined
why did my card not get accepted then,card_declined
i was at safeway trying to buy groceries and my card got declined,card_declined
what are the carry-on limits for flying domestically with delta,carry_on
"when taking a flight with lion to singapore, how many carry ons are allowed",carry_on
"when taking a flight with porter to toronto, how many carry ons can i take",carry_on
i need to know the carry on policy for american airlines flights,carry_on
what is the carry on limit,carry_on
can i get you to talk like a pouty english guy,change_accent
please use male voice instead,change_accent
use your male voice,change_accent
can you change the way you talk to a male british voice,change_accent
set to female voice,change_accent
i want to start calling you bob,change_ai_name
i want to change the name i call you to juan,change_ai_name
i would like to change your name to eli,change_ai_name
change your name setting to plato,change_ai_name
"if i may, i'd like to call you slave",change_ai_name
can you talk to me in chinese,change_language
i need to change my speaking to spanish,change_language
set your language setting to english,change_language
change the language you're using to american english,change_language
change your language,change_language
can you speak faster please,change_speed
where do i find instructions on how to speed up voice replies,change_speed
speak slower,change_speed
speed up your speech,change_speed
speak at a slower rate,change_speed
can you call me something else,change_user_name
call me frank,change_user_name
i go by the name jim,change_user_name
just call me dennis,change_user_name
i'd like you to call me something different,change_user_name
please increase the volume to 4,change_volume
make the sound of my speaker greater,change_volume
set volume higher,change_volume
raise the volume to 4 please,change_volume
you must increase the volume to 4 please,change_volume
please confirm my reservation for april 1st at 9am,confirm_reservation
does taco house have a reservation for jean,confirm_reservation
i would like you to confirm my reservation for next saturday at 11 am,confirm_reservation
please confirm my reservation for morton's at 5 pm,confirm_reservation
will you confirm my reservation for red robin at 10,confirm_reservation
how long do you need to bake chicken for it to be safe to eat,cook_time
how long do i cook pork,cook_time
how long should i cook a glazed ham,cook_time
how long is it acceptable to carmelize onions,cook_time
how long do you bake a cake,cook_time
the credit limit on my account is how much,credit_limit
can i please know the credit limit for my citibank card,credit_limit
what is the credit limit for my navy federal card,credit_limit
what's the credit limit on my discovery card,credit_limit
what's my limit on my amex card,credit_limit
i'd like to increase my credit spending limit to 500 dollars,credit_limit_change
can i increase my credit limit to 800 dollars,credit_limit_change
can i increase the credit limit for my wells fargo credit card,credit_limit_change
i want to change my credit limit,credit_limit_change
"i need to increase my credit limit for my visa credit card, can you assist me",credit_limit_change
how can i find my credit rating,credit_score
find my credit score and tell it to me,credit_score
can you tell me my credit score,credit_score
please get my credit score,credit_score
what is the process of finding my credit score,credit_score
would you please tell me my current gps coordinates,current_location
what are my gps coordinates at this location,current_location
where am i located,current_location
how can i find my current location,current_location
display my location on a map,current_location
i accidentally put my credit card in the shredder,damaged_card
"my card split in half, can i report it",damaged_card
my card doesn't work anymore,damaged_card
my card is cracked and i want to report it,damaged_card
"the magnetic strip on my card is scratched, let the card company know",damaged_card
the date tomorrow is what,date
what will be the date tomorrow,date
can you tell me tomorrow's date,date
tell me what date it is please,date
i need to know today's date please,date
what is the meaning of realism,definition
what is the definition of didactic,definition
definition of affiliate is what,definition
what is the definition of zesty,definition
define zesty,definition
what is needed to set up direct deposit,direct_deposit
how do i go about setting up direct deposit,direct_deposit
is there a specific way to set up direct deposit,direct_deposit
set up payroll direct deposit to my checking account,direct_deposit
can you walk me through setting up direct deposit,direct_deposit
what steps do i need to take to take a bus to detroit,directions
how do i get to the college by bus,directions
can you tell me the location of the nearest bank,directions
is there a tire repair place near the post office,directions
i need to know how to get to target by bus,directions
"how long before i get to dallas , in time, not miles",distance
how long does it take to get to virginia by bus,distance
does it take a long time to get to the airport in la,distance
how long does it take to get to applebees in new york,distance
how miles does it take to get to red lobster from my current location,distance
what type of pet do you have,do_you_have_pets
can you tell me the types of pets you have,do_you_have_pets
would you say that you are now a pet owner,do_you_have_pets
are you currently a pet owner,do_you_have_pets
would you let me know if you are a cat or dog person,do_you_have_pets
tell me the exchange rate between rubles and dollars,exchange_rate
what is 5 in yen and rubles,exchange_rate
how much cad can i get with my one usd,exchange_rate
how many dollars can i exchange for 75 euros,exchange_rate
what is the yen worth in terms of the peso,exchange_rate
is my credit card expiration date approaching,expiration_date
what is the expiration date of my current card,expiration_date
when my credit card is going to expire,expiration_date
help me figure out when exactly my credit card will be expiring,expiration_date
could you look up the date that my credit card is set to expire,expiration_date
i can't find my phone,find_phone
please tell me where my phone is,find_phone
can you call my cellphone,find_phone
help me locate my phone,find_phone
can you locate my phone,find_phone
whats the status of my frontier flight,flight_status
is there any news on flight dl123,flight_status
i need to know the status of flight dl123,flight_status
when does boarding for my flight begin,flight_status
whats the update on flight dl123,flight_status
"please flip a coin for me, tails i win",flip_coin
"filp a coin, i call heads",flip_coin
"flip that coin please, i choose heads",flip_coin
please flip a coin i select tails,flip_coin
flip a coin and tell me if its heads or tails,flip_coin
i need to know how long can i keep pizza in the freezer for before it goes bad,food_last
"so i have had pizza in the fridge since monday, so is it safe to eat",food_last
how long does bread last,food_last
what is the length of time i can leave pork in the fridge,food_last
how long can i leave tuna casserole in the fridge,food_last
can you please freeze my bank account,freeze_account
"could you freeze my account, please",freeze_account
put a hold on my bank account please,freeze_account
please freeze my bank account,freeze_account
"can you freeze my account, please",freeze_account
what's a cool and interesting thing about dogs,fun_fact
i want to learn a neat fact about black holes,fun_fact
tell me a fun fact about mt everest,fun_fact
i want to hear a fun fact about american presidents,fun_fact
tell me something interesting about sperm whales,fun_fact
am i low on gas,gas
how much gas is in my tank,gas
what is the amount of gas i have,gas
how many gallons do i have left,gas
how does my gas tank look,gas
tell me what kind of gas this car uses,gas_type
i need to know what kind of fuel this car needs,gas_type
what kind of gas does this car use,gas_type
what type of gas does this car take,gas_type
will this car run on the cheaper gas,gas_type
thanks for talking to me,goodbye
i'm saying goodbye now,goodbye
"great chat, talk to you later",goodbye
have a good one,goodbye
goodbye!,goodbye
good to see you,greeting
how have you been doing,greeting
hola,greeting
how is my ai doing,greeting
hey there!,greeting
is that restaurant crowded during dinner,how_busy
how busy is imanas tei at 7 dinner,how_busy
find out how busy ihop usually is around 5 pm,how_busy
how long will i have to wait before being seated at the cheese cake factory,how_busy
i would like to find out if macaroni grill will be busy around 7:00 pm,how_busy
what's your age siri,how_old_are_you
how long have you been around,how_old_are_you
tell me how old you are,how_old_are_you
when was your birth,how_old_are_you
"how long have you been around, ai",how_old_are_you
help me build my credit score by showing me some ways on how to,improve_credit_score
how can i build my credit,improve_credit_score
steps to raise my credit score,improve_credit_score
give me some ways to build my credit score,improve_credit_score
how to build up my credit score,improve_credit_score
how much do you make,income
what is my salary,income
calculate how much i earn from my job,income
how much have i earned this week,income
i need you to tell me my salary,income
can i substitute ketchup for mustard,ingredient_substitution
can i substitute apple juice for wine,ingredient_substitution
is crushed garlic the same as powdered garlic for a spaghetti sauce,ingredient_substitution
is it ok to sub sugar for salt,ingredient_substitution
what about changing the sugar for baking soda,ingredient_substitution
"in terms of making scrambled eggs, what ingredients do i need",ingredients_list
what ingredients are in salsa,ingredients_list
what ingredients are necessary for a steak,ingredients_list
give me a list of ingredients needed for pizza dough,ingredients_list
what ingredients are required for chicken noodle soup,ingredients_list
what are my insurance perks,insurance
what are my insurance advantages,insurance
what are my insurance rewards,insurance
what insurance benefits do i have,insurance
what health benefits can i use,insurance
"i need to get new insurance, how do i do it",insurance_change
what do i do to get new insurance,insurance_change
i want a new motorcycle insurance plan,insurance_change
how can i obtain new insurance,insurance_change
i would like to switch my insurance plan,insurance_change
how percentage am i earning annually on my account,interest_rate
will you tell me the interest rate,interest_rate
how much is the interest rate for the account i have at bluebird,interest_rate
what is the interest rate on my capital one credit card,interest_rate
is my savings interest rate too low,interest_rate
are there any transaction fees associated with my navy federal card if i am in japan,international_fees
will i be charged if i use my card in france,international_fees
does my bank of the west card have international transaction fees,international_fees
what is the surcharge for using my card in italy while i visit,international_fees
will i get a fee for international transactions with my visa card,international_fees
is a visa required to visit cancun,international_visa
do i need to get a visa for traveling to chile,international_visa
"for travel to argentina, do i need to get a travel visa",international_visa
will i have to apply for a visa if i want to visit mexico,international_visa
israel has strict restrictions do i need a visa to travel there,international_visa
what is the procedure to jump start a car,jump_start
what do i do if my car battery is dead,jump_start
whats the safest way to jump start a car,jump_start
how do i jump my car,jump_start
i need rules for jump starting,jump_start
what date did i last take my car in,last_maintenance
how long has it been since my car was last looked at,last_maintenance
you need to tell me when was car in shop,last_maintenance
i need to know when i last carried my car to the shop,last_maintenance
when did i last have car maintenance,last_maintenance
who do i complain to about my luggage not arriving at the airport,lost_luggage
what is the next step if my luggage was lost,lost_luggage
i don't know where my luggage is,lost_luggage
find me the number for jet blue's customer service so i can yell at someone about my missing luggage,lost_luggage
i believe that my luggage was lost,lost_luggage
can you redial the last number dialed,make_call
can you please call nata,make_call
call someone,make_call
please dial david now,make_call
can i call a restaurant,make_call
how is the weather today,maybe
it could be that one or the other one,maybe
"one or the other, or both",maybe
i don't have the answer,maybe
i really don't have a clue,maybe
suggest a meal from korea to me,meal_suggestion
what thoughts do you have about making dinnner tonight,meal_suggestion
suggest a good mexican meal to me,meal_suggestion
can you give me a vietnamese meal suggestion,meal_suggestion
suggest a meal from thailand to me,meal_suggestion
is love the meaning of life,meaning_of_life
does my life have meaning,meaning_of_life
what do you think the meaning of life is,meaning_of_life
is there really a meaning of life,meaning_of_life
research the meaning of life,meaning_of_life
what is the conversion of inches to centimeters,measurement_conversion
how many miles is five kilometers,measurement_conversion
"what is 10 ounces in grams, please",measurement_conversion
how do you convert pounds to kilos,measurement_conversion
how many meters are in 10 millimeters,measurement_conversion
am i scheduled for any meetings between noon and one,meeting_schedule
how many total meetings will i have between 2 and 5,meeting_schedule
do i have any meetings with michael today,meeting_schedule
on what day is my meeting with dr lee,meeting_schedule
how many meetings do i have scheduled between 10 and 3,meeting_schedule
what is the minimum i can pay for my light bill,min_payment
i need to know the bill's minimum payment,min_payment
please inform me of the minimum payment of the bill,min_payment
what is the minimum i can pay for the gas bill,min_payment
i would like to know the minimum payment for my credit card,min_payment
how far can i go on one tank of gas,mpg
what is the city mpg for this car,mpg
tell me what this cars highway mpg is,mpg
how much highway mpg does it get,mpg
what is the mpg on this car,mpg
apply for a bank of america travel rewards credit card,new_card
show me how to apply for a visa card,new_card
what if you need to obtain a new credit card,new_card
can i get a brand new card please,new_card
show me the application for a visa card,new_card
when does my current job have the next official paid holiday,next_holiday
when's the next federally recognized holiday,next_holiday
i need to know when my next day off is,next_holiday
can you tell me what the next holiday is,next_holiday
"when is our next free day, please",next_holiday
play the next musical number,next_song
change the song to the next one on this playlist,next_song
skip this and go to the next song,next_song
can we skip this song,next_song
please play the next song,next_song
"no, don't do that",no
thatâ€™s actually wrong,no
that is a completely false statement,no
that is untrue,no
i would have to say the answer to that is no,no
how healthy is stax chips,nutrition_info
what's the nutritional info for french fries,nutrition_info
what do you know to be the nutritional info for macaroni and cheese to be,nutrition_info
can you read to me the nutritional info for macaroni and cheese,nutrition_info
how healthy are lunchables,nutrition_info
i need instructions on how to change my car's oil and what type i should buy,oil_change_how
find instructions on how to change my oil,oil_change_how
i want a lesson on changing my oil,oil_change_how
what kind of oil does my car take and how do i do a change,oil_change_how
i don't know how to change my oil or what type i need,oil_change_how
tell me how i know when i need an oil change,oil_change_when
when should my oil get changed,oil_change_when
when is my car due for an oil change,oil_change_when
in how many miles do i need to schedule my oil change,oil_change_when
what is the recommended time frame to change my oil,oil_change_when
please order me a 7lb bag of world's best cat litter from targetcom,order
order everything that's on my list for shopping,order
i'm out of paper towels so will you order me some more,order
i'd like to have everything on my shopping list,order
i want all the things on the shopping list,order
how can i order more checks for my regions bank account,order_checks
i want to order some new checks because i ran out of them,order_checks
is it possible to make an order for more checkbooks for my chase bank account,order_checks
is is possible to order more checkbooks for account ending in sequence 939392,order_checks
order some new checks to replace the ones i ran out of,order_checks
"can i still make changes to my order, or has it already been shipped",order_status
can you tell me if my last amazon order is coming today,order_status
track my package now please,order_status
when can i expect to receive the order,order_status
has the order that i placed arrived,order_status
are you able to help me pay my mortgage,pay_bill
pay the electric bill,pay_bill
pay the cable bill with my visa card,pay_bill
please help me pay my cable bill,pay_bill
i'd really like to pay this bill,pay_bill
when was i last paid,payday
remind me of the date of my last paycheck,payday
please give me the expected arrival date for my next paycheck,payday
let me know when i'm going to be paid,payday
when will i recieve my next paycheck,payday
i would like to replace the pin number for my retirement account,pin_change
i need help changing my pin,pin_change
swap my amex pin to 1234,pin_change
set my amex pin to 1234,pin_change
"i'd like to change the pin on my savings account, please",pin_change
rock playlist please,play_music
play hey jude,play_music
can you play your guitar right now,play_music
look up my maroon 5 playlists; play it,play_music
can you let me listen to elvis,play_music
do i really need a plug converter when in london,plug_type
"when you go to germany, do you need a special converter for your plugs",plug_type
to charge my phone in india will i need a plug converter,plug_type
can you tell me what kind of outlet plug there is over there,plug_type
do visitors to japan need to use a socket converter,plug_type
how many day of my vacation are left for the year,pto_balance
how many vacation days have i accrued,pto_balance
do i have any personal days left,pto_balance
how much pto do i have,pto_balance
how many vacation days do i have to spend,pto_balance
what do i need to do to request vacation time off,pto_request
i'd like for their to be a pto request for me made for the dates june 4th to june 8th,pto_request
"i need to set up a vacation request, what do i need to give you",pto_request
"could you submit a pto request for me for dates april 21 to 30, please",pto_request
create for me a pto request for march 16-21,pto_request
update on vacation request,pto_request_status
has my supervisor approved my vacation,pto_request_status
give me the status of my vacation request,pto_request_status
i need to know if my vacation was approved,pto_request_status
how's my day off request looking,pto_request_status
how many vacation days have i consumed,pto_used
can you count for me the total number of days off i have used,pto_used
tell me how much pto i've used,pto_used
what's the total pto i've used,pto_used
how much pto do i have used up,pto_used
can you find me a recipe for honey ham,recipe
please search for a chocolate fudge brownies recipe,recipe
can you find a recipe on how to make chow mein,recipe
tell me how to make beef wellington,recipe
how can i make chicken pot pie,recipe
cash in rewards for my visa card,redeem_rewards
how can i cash in my credit card points,redeem_rewards
can you explain to me how i ought to use my credit card points,redeem_rewards
what's the procedure to get cash back rewards on my visa,redeem_rewards
do i have enough credit card points to redeem a new appliance,redeem_rewards
read what i added to the reminder list,reminder
my list of reminders is what,reminder
can you tell me what things i was trying to remember,reminder
can you remind me the things i was trying to remember,reminder
please tell me everything on my list of reminders,reminder
remind me to take out the garbage in the morning,reminder_update
set a reminder to go check the mail,reminder_update
can you create a reminder,reminder_update
how about a reminder,reminder_update
i need to take out the trash please remind me,reminder_update
"i missed that last one, please repeat",repeat
would you repeat that,repeat
i didn't catch that say it again,repeat
what was that last thing you said,repeat
repeat what you just told me,repeat
how long does it take to get a replacement credit card when your last one was stolen,replacement_card_duration
what's the typical time it takes for a new card to arrive,replacement_card_duration
when can i expect my new card to get here,replacement_card_duration
how long will it take for me to get a new credit card to replace the one that was stolen,replacement_card_duration
my last card was stolen and i want to know how long until i get my new one,replacement_card_duration
i'm pretty sure this charge is fraudulent,report_fraud
"i want to report fraudulent activity on my visa card, please",report_fraud
i suspect some suspicious activity,report_fraud
i think my chase account has been compromised and fraud committed,report_fraud
i think there's fraud on my account,report_fraud
i need to report a card that's been lost but i dont know how,report_lost_card
i need to report that my card is lost,report_lost_card
i can't find my credit card and i want to report it as lost,report_lost_card
"i can't locate my mastercard and i want to report it as lost, please",report_lost_card
report lost card to discover company,report_lost_card
go to default setting,reset_settings
change back to your initial settings please,reset_settings
please reset the factory settings,reset_settings
go back to the factory settings for this device,reset_settings
i want to go back to the factory settings,reset_settings
make a reservation for tuesday at 7:00 pm at cielo for 2,restaurant_reservation
can you set me up for a reservation for five at outback steakhouse on february 28th at seven pm,restaurant_reservation
please reserve a table for two at rouge for 7:00 pm,restaurant_reservation
i want to make a reservation for 8 pm at red robin for 3,restaurant_reservation
can you get me a table for 4 at steve's,restaurant_reservation
do people like chipotle,restaurant_reviews
how are the reviews for spaghetti at the olive garden,restaurant_reviews
does buffalo wild wings have good reviews,restaurant_reviews
how are the donuts reviews at tgi,restaurant_reviews
does outback steakhouse have good reviews,restaurant_reviews
i am hungry and need a restaurant suggestion,restaurant_suggestion
do you know of any good mexican restaurants in seattle,restaurant_suggestion
"suggest a restaurant for me to eat tonight, please",restaurant_suggestion
find me a good spot for southern comfort food in los angeles,restaurant_suggestion
what's the best place for some thai in new york city,restaurant_suggestion
what's the total number of points i earned so far with my chase rewards card,rewards_balance
i have how many points on my amex right now,rewards_balance
how many points are on my speedway card right now,rewards_balance
figure out my reward points for discovery card,rewards_balance
what is my wells fargo card's rewards balance,rewards_balance
i need a 10 sided die rolled,roll_dice
6 sided dice roll,roll_dice
roll dice please,roll_dice
roll the dice,roll_dice
i want to roll some dice,roll_dice
how do i redirect my 401k,rollover_401k
"i have a new job, help me with my 401k rollover",rollover_401k
i switched companies and need to rollover my 401k,rollover_401k
i just acquired a new job but i need help with my 401k rollover,rollover_401k
"i got a new job, can you help me with my 401k rollover",rollover_401k
what is the routing number for royal,routing
i need to know the routing number for my checking,routing
where do i find the routing number for usaa,routing
how can i find my routing number from bank of america,routing
i need to know the routing number for my wells fargo account,routing
could you schedule car maintenance for me,schedule_maintenance
make an appointment to check my tires,schedule_maintenance
i need someone to look at my car because my check engine light is on,schedule_maintenance
where in sacramento ca i schedule maintenance on my car,schedule_maintenance
schedule a time to get my oil changed,schedule_maintenance
"between 9:00 am and 11:00 am, are there meeting rooms available",schedule_meeting
are any rooms free from 12 to 1,schedule_meeting
i have to meet with sam at 9:00am in two days,schedule_meeting
help me get a meeting set up,schedule_meeting
can i book a meeting room from 2:00 pm to 3:00 pm,schedule_meeting
i would like to share my location with my mom,share_location
let lucy know my gps coordinates,share_location
please let my mom and dad know my location,share_location
let shih chieh see my location,share_location
tell base camp my gps coordinates,share_location
do i need milk at the store,shopping_list
can you tell me whats on my shopping list,shopping_list
what do i need to go shopping for,shopping_list
what did i put on my shopping list so far,shopping_list
can you tell me what i have on my shopping list,shopping_list
put carrots on my shopping list,shopping_list_update
take fresh carrots off my shopping list,shopping_list_update
i want you to remove shampoo from my shopping list,shopping_list_update
"do i have bananas on my list, if not please put them on the list",shopping_list_update
can you take frozen food of my shopping list,shopping_list_update
make the temperature 78 in here,smart_home
what is my ac set to right now,smart_home
who is knocking,smart_home
dim the main lights please,smart_home
remember to lock the doors,smart_home
count the number of the letter a in happiness,spelling
how do you spell guerrilla,spelling
how do you spell tomato,spelling
the word 'you' got how many letters,spelling
how do you spell syzygy,spelling
how much have i spent on food in the past week,spending_history
i need to know what i spend on utilities for the last year,spending_history
i need to know what i have spent on food recently,spending_history
have i been spending a lot on roast beef lately,spending_history
please tell me how much i have spent recently,spending_history
you must connect to my phone,sync_device
i need for you to connect to my phone,sync_device
desync from my phone,sync_device
i wanna disconnect from my phone,sync_device
do you have access to my phone,sync_device
what do i owe in federal taxes,taxes
how much money am i going to lose this year for state taxes,taxes
what do i pay in taxes,taxes
tell me what the tax amount is,taxes
how much as my taxes by the way,taxes
tell me a joke about cows,tell_joke
would you like to tell me a joke,tell_joke
say something hilarious,tell_joke
do you know anything funny about cats,tell_joke
can you make me laugh,tell_joke
text billy and tell him to be at monday's meeting at 3pm,text
text sal and tell them hi,text
text mom i'll talk to you later,text
text bill and tell him i'll be 30 minutes late,text
text william and ask him to pick up organic apples tonight,text
i wish you were here earlier,thank_you
gracias,thank_you
good job with assisting me,thank_you
"nice, excellent!",thank_you
thank you for helping me,thank_you
can you tell me the current time in the pacific timezone,time
i am needing to know the current time in the eastern timezone,time
what's the current time in est,time
tell me what time it is right now,time
what is the exact time right now in the hawaii time zone,time
set up a timer,timer
set timer for 5 minutes,timer
i want a timer for 5 minutes,timer
lets set a timer for me,timer
i need a timer set for 15 minutes,timer
time zone in miami is what like,timezone
what timezone is viet nam in,timezone
what's the timezone for san diego,timezone
could you tell me what timezone reno is in,timezone
the timezone of italy is what,timezone
"i got my new tires a month ago, when should i replace them",tire_change
how many times a year should i change my tires,tire_change
when's the next time i should change my tires,tire_change
how many more miles can i drive before changing my tires,tire_change
"if i replaced my tires on labor day, when should i next replace them",tire_change
tell me how low the air in my tires are,tire_pressure
air amount in tires,tire_pressure
are my tires full or low,tire_pressure
tell me my car's tire pressure level,tire_pressure
are my tires under-inflated,tire_pressure
is cleaning the toilet on my to-do list,todo_list
can i hear the complete to do list just dictated,todo_list
do i have get an oil change on my todo list,todo_list
do i have an item on my todo list related to shopping,todo_list
go ahead and say all of the points on my list of to-do's please,todo_list
please put my acupuncture appointment on my to list,todo_list_update
i want you to clear out my to do list,todo_list_update
please put cleaning on my list of things to do,todo_list_update
take everything off my todo list,todo_list_update
erase all items on my todo list,todo_list_update
is traffic bad on my way to the next mcdonalds,traffic
how bad is the traffic,traffic
what's the traffic like on the way to the amusement park,traffic
will there be traffic on the way to walmart,traffic
how's traffic en route to virginia,traffic
help me get access to my recent transaction history,transactions
i want to see my entertainment transactions,transactions
please tell me my in-person transactions for the last three days using my debit card,transactions
show me the transaction on the food,transactions
what did i spend at target on my barclays card last month,transactions
i want to initiate a transfer from one account to the other,transfer
please transfer $50 to my checking account from credit,transfer
send 100 dollars between bank of the west and bank of america acccounts,transfer
i need to transfer from one account to my second one,transfer
send over a hundred dollars from huntington into saving,transfer
how would i say thank you if i were russian,translate
translate for me hello into french,translate
how would i say goodbye if i were norwegian,translate
what is the correct way to say 'i am a visitor' in french,translate
"how do they say ""who is your father"" in german",translate
look for travel alerts for china,travel_alert
i'd like to see if there's a travel alert for the country,travel_alert
is traveling to dublin safe (will dublin be safe),travel_alert
is there a travel alert for spain,travel_alert
is there a travel alert for russia,travel_alert
i need to let my bank know i am visiting asia soon,travel_notification
let my bank know i will be travelling to the cayman islands,travel_notification
"i am going to asia in a bit, i should tell the bank",travel_notification
im going to be in jamaica from october 4th until october 8th,travel_notification
alert my bank and let them know i'm travelling to japan,travel_notification
is there anything fun to do in berlin,travel_suggestion
what could i do for fun in kentucky,travel_suggestion
can you get me any recommendations for the place i'm traveling to,travel_suggestion
what can a tourist in denver do,travel_suggestion
what kinds of fun touristy things are there to do in boston,travel_suggestion
get me an uber to chilis,uber
set me up with an uber,uber
can i get an uber to union station for 3 riders,uber
can i get an uber for 2 home,uber
i'm going to need an uber to take 4 people to the mall,uber
could you put broken by evanescense to my playlist,update_playlist
add this song to my top 40 playlist,update_playlist
put this song on my edm playlist,update_playlist
list happy on my rb playlist,update_playlist
will you add what i'm listening to to my dinner playlist,update_playlist
what name do you use when addressing me,user_name
what might my name be,user_name
what's my name in your system,user_name
what is the name you have listed for my identity,user_name
"what's the name that you have for me, please",user_name
is it recommended to get any specific shots before i travel to norway,vaccines
i'm going to india do i need some shots,vaccines
"i'm going to south africa, so should i get some vaccinations or anything",vaccines
which countries require vaccinations before entering for travel,vaccines
what are the recommended shots to get before i travel to england,vaccines
who has the tax form that has my wage informaton,w2
where can i get a w2 form,w2
where can i obtain a w2 form,w2
how do i get a w2,w2
i need to get a hold of my w-2 right now,w2
is sparks experiencing bad weather right now,weather
what is today's high temperature predicted to be,weather
what will the weather be this weekend,weather
what's the forecast like for pittsburgh,weather
what is the weather going to be like,weather
lets talk about your hobbies,what_are_your_hobbies
what types of hobbies do you enjoy,what_are_your_hobbies
what hobbies do you do,what_are_your_hobbies
what do you like to do when you have spare time,what_are_your_hobbies
can you describe your hobbies to me,what_are_your_hobbies
what topics can i ask you about,what_can_i_ask_you
what kind of questions are you good at answering,what_can_i_ask_you
what kinds of things are you knowledgable about,what_can_i_ask_you
what kind of questions may i ask you,what_can_i_ask_you
tell me the subjects you're aware of,what_can_i_ask_you
"when referring to you, what name should i use",what_is_your_name
what name should i use to address you,what_is_your_name
and what would your name be,what_is_your_name
what is the ai's name,what_is_your_name
what's your designation,what_is_your_name
what's the song they are playing for us right now,what_song
tell me this song's name,what_song
can you look up the name of this song,what_song
"name this song, please",what_song
what's the name of the current song,what_song
where are your origins located,where_are_you_from
would you care to let me know where you were made,where_are_you_from
"when you were a child, where did you live",where_are_you_from
what country do you consider yourself a citizen of,where_are_you_from
were you born in a hospital,where_are_you_from
can you please lower the volume please,whisper_mode
would you mind switching to whisper mode,whisper_mode
make sure to set yourself to whisper mode before i go to the movie,whisper_mode
i think we should whisper,whisper_mode
change mode to whisper,whisper_mode
who directs your labor,who_do_you_work_for
are you paid by somebody,who_do_you_work_for
who is the person u work for,who_do_you_work_for
what is your boss's name,who_do_you_work_for
you work for what company or person exactly,who_do_you_work_for
can you remember who compiled you,who_made_you
who designed you,who_made_you
i would like to know who programmed this ai,who_made_you
how did you come to be you,who_made_you
tell me the company that produces you and similar machines,who_made_you
that's a yes from me,yes
i have to say affirmative on that one,yes
i believe that's true,yes
that would be yes,yes
that is not false,yes
